{"cameraMode":{"drawMode":0,"name":"Shaded","section":"Shading Mode"},"sceneLighting":false,"audioPlay":false,"sceneViewState":{"m_AlwaysRefresh":false,"showFog":true,"showSkybox":false,"showFlares":true,"showImageEffects":true,"showParticleSystems":true,"showVisualEffectGraphs":true,"m_FxEnabled":true},"in2DMode":false,"pivot":{"x":-1.6382980346679688,"y":-1.1635198593139649,"z":6.122017860412598},"rotation":{"x":0.1715419888496399,"y":-0.06792309880256653,"z":0.011856108903884888,"w":0.9827612042427063},"size":15.15738296508789,"orthographic":false}