{"cameraMode":{"drawMode":0,"name":"Shaded","section":"Shading Mode"},"sceneLighting":false,"audioPlay":false,"sceneViewState":{"m_AlwaysRefresh":false,"showFog":true,"showSkybox":false,"showFlares":true,"showImageEffects":true,"showParticleSystems":true,"showVisualEffectGraphs":true,"m_FxEnabled":true},"in2DMode":false,"pivot":{"x":-23.904048919677736,"y":41.49610137939453,"z":-0.45590972900390627},"rotation":{"x":0.3181174397468567,"y":-0.27732375264167788,"z":0.09788458794355393,"w":0.9012841582298279},"size":42.167171478271487,"orthographic":false}