{"cameraMode":{"drawMode":0,"name":"Shaded","section":"Shading Mode"},"sceneLighting":false,"audioPlay":false,"sceneViewState":{"m_AlwaysRefresh":false,"showFog":true,"showSkybox":false,"showFlares":true,"showImageEffects":true,"showParticleSystems":true,"showVisualEffectGraphs":true,"m_FxEnabled":true},"in2DMode":false,"pivot":{"x":-0.9704892635345459,"y":-4.641234397888184,"z":10.266984939575196},"rotation":{"x":0.20393504202365876,"y":0.06309066712856293,"z":-0.013171093538403511,"w":0.9768615961074829},"size":11.810779571533204,"orthographic":false}